Time,OFFICE:DULLES ANN HTG 99.6% CONDNS DB:Des Heat Load [W],OFFICE:DULLES ANN CLG 1% CONDNS DB=>MWB:Des Sens Cool Load [W],OFFICE:DULLES ANN HTG 99.6% CONDNS DB:Des Heat Mass Flow [kg/s],OFFICE:DULLES ANN CLG 1% CONDNS DB=>MWB:Des Cool Mass Flow [kg/s],OFFICE::Des Latent Heat Load [W],OFFICE::Des Latent Cool Load [W],OFFICE::Des Latent Heat Mass Flow [kg/s],OFFICE::Des Latent Cool Mass Flow [kg/s],OFFICE::Des Heat Load No DOAS [W],OFFICE::Des Sens Cool Load No DOAS [W],OFFICE::Des Latent Heat Load No DOAS [W],OFFICE::Des Latent Cool Load No DOAS [W],OFFICE:DULLES ANN HTG 99.6% CONDNS DB:Heating Zone Temperature [C],OFFICE:DULLES ANN HTG 99.6% CONDNS DB:Heating Zone Relative Humidity [%],OFFICE:DULLES ANN CLG 1% CONDNS DB=>MWB:Cooling Zone Temperature [C],OFFICE:DULLES ANN CLG 1% CONDNS DB=>MWB:Cooling Zone Relative Humidity [%],LOBBY:DULLES ANN HTG 99.6% CONDNS DB:Des Heat Load [W],LOBBY:DULLES ANN CLG 1% CONDNS DB=>MWB:Des Sens Cool Load [W],LOBBY:DULLES ANN HTG 99.6% CONDNS DB:Des Heat Mass Flow [kg/s],LOBBY:DULLES ANN CLG 1% CONDNS DB=>MWB:Des Cool Mass Flow [kg/s],LOBBY::Des Latent Heat Load [W],LOBBY::Des Latent Cool Load [W],LOBBY::Des Latent Heat Mass Flow [kg/s],LOBBY::Des Latent Cool Mass Flow [kg/s],LOBBY::Des Heat Load No DOAS [W],LOBBY::Des Sens Cool Load No DOAS [W],LOBBY::Des Latent Heat Load No DOAS [W],LOBBY::Des Latent Cool Load No DOAS [W],LOBBY:DULLES ANN HTG 99.6% CONDNS DB:Heating Zone Temperature [C],LOBBY:DULLES ANN HTG 99.6% CONDNS DB:Heating Zone Relative Humidity [%],LOBBY:DULLES ANN CLG 1% CONDNS DB=>MWB:Cooling Zone Temperature [C],LOBBY:DULLES ANN CLG 1% CONDNS DB=>MWB:Cooling Zone Relative Humidity [%]
00:15:00,2.364688E+04,0.000000E+00,8.026921E-01,0.000000E+00,0.000000E+00,0.000000E+00,0.000000E+00,0.000000E+00,0.000000E+00,0.000000E+00,0.000000E+00,0.000000E+00,2.111000E+01,5.087766E+01,2.131109E+01,6.102542E+01,1.065335E+04,0.000000E+00,3.482473E-01,0.000000E+00,0.000000E+00,0.000000E+00,0.000000E+00,0.000000E+00,0.000000E+00,0.000000E+00,0.000000E+00,0.000000E+00,2.000000E+01,5.448298E+01,2.227803E+01,4.737108E+01
00:30:00,2.364734E+04,0.000000E+00,8.027077E-01,0.000000E+00,0.000000E+00,0.000000E+00,0.000000E+00,0.000000E+00,0.000000E+00,0.000000E+00,0.000000E+00,0.000000E+00,2.111000E+01,5.087766E+01,2.126964E+01,6.118075E+01,1.065744E+04,0.000000E+00,3.483808E-01,0.000000E+00,0.000000E+00,0.000000E+00,0.000000E+00,0.000000E+00,0.000000E+00,0.000000E+00,0.000000E+00,0.000000E+00,2.000000E+01,5.448298E+01,2.221922E+01,4.754100E+01
00:45:00,2.364772E+04,0.000000E+00,8.027204E-01,0.000000E+00,0.000000E+00,0.000000E+00,0.000000E+00,0.000000E+00,0.000000E+00,0.000000E+00,0.000000E+00,0.000000E+00,2.111000E+01,5.087766E+01,2.122991E+01,6.133004E+01,1.066082E+04,0.000000E+00,3.484914E-01,0.000000E+00,0.000000E+00,0.000000E+00,0.000000E+00,0.000000E+00,0.000000E+00,0.000000E+00,0.000000E+00,0.000000E+00,2.000000E+01,5.448298E+01,2.216482E+01,4.769877E+01
01:00:00,2.364802E+04,0.000000E+00,8.027307E-01,0.000000E+00,0.000000E+00,0.000000E+00,0.000000E+00,0.000000E+00,0.000000E+00,0.000000E+00,0.000000E+00,0.000000E+00,2.111000E+01,5.087766E+01,2.119175E+01,6.147384E+01,1.066370E+04,0.000000E+00,3.485855E-01,0.000000E+00,0.000000E+00,0.000000E+00,0.000000E+00,0.000000E+00,0.000000E+00,0.000000E+00,0.000000E+00,0.000000E+00,2.000000E+01,5.448298E+01,2.211497E+01,4.784388E+01
01:15:00,2.364827E+04,0.000000E+00,8.027392E-01,0.000000E+00,0.000000E+00,0.000000E+00,0.000000E+00,0.000000E+00,0.000000E+00,0.000000E+00,0.000000E+00,0.000000E+00,2.111000E+01,5.087766E+01,2.115499E+01,6.161270E+01,1.066623E+04,0.000000E+00,3.486680E-01,0.000000E+00,0.000000E+00,0.000000E+00,0.000000E+00,0.000000E+00,0.000000E+00,0.000000E+00,0.000000E+00,0.000000E+00,2.000000E+01,5.448298E+01,2.206882E+01,4.797865E+01
01:30:00,2.364848E+04,0.000000E+00,8.027463E-01,0.000000E+00,0.000000E+00,0.000000E+00,0.000000E+00,0.000000E+00,0.000000E+00,0.000000E+00,0.000000E+00,0.000000E+00,2.111000E+01,5.087766E+01,2.111975E+01,6.174617E+01,1.066846E+04,0.000000E+00,3.487411E-01,0.000000E+00,0.000000E+00,0.000000E+00,0.000000E+00,0.000000E+00,0.000000E+00,0.000000E+00,0.000000E+00,0.000000E+00,2.000000E+01,5.448298E+01,2.202574E+01,4.810483E+01
01:45:00,2.364868E+04,0.000000E+00,8.027533E-01,0.000000E+00,0.000000E+00,0.000000E+00,0.000000E+00,0.000000E+00,0.000000E+00,0.000000E+00,0.000000E+00,0.000000E+00,2.111000E+01,5.087766E+01,2.111008E+01,6.177146E+01,1.067068E+04,0.000000E+00,3.488138E-01,0.000000E+00,0.000000E+00,0.000000E+00,0.000000E+00,0.000000E+00,0.000000E+00,0.000000E+00,0.000000E+00,0.000000E+00,2.000000E+01,5.448298E+01,2.198524E+01,4.822381E+01
02:00:00,2.364888E+04,0.000000E+00,8.027601E-01,0.000000E+00,0.000000E+00,0.000000E+00,0.000000E+00,0.000000E+00,0.000000E+00,0.000000E+00,0.000000E+00,0.000000E+00,2.111000E+01,5.087766E+01,2.111008E+01,6.175209E+01,1.067280E+04,0.000000E+00,3.488830E-01,0.000000E+00,0.000000E+00,0.000000E+00,0.000000E+00,0.000000E+00,0.000000E+00,0.000000E+00,0.000000E+00,0.000000E+00,2.000000E+01,5.448298E+01,2.194713E+01,4.833608E+01
02:15:00,2.364908E+04,0.000000E+00,8.027667E-01,0.000000E+00,0.000000E+00,0.000000E+00,0.000000E+00,0.000000E+00,0.000000E+00,0.000000E+00,0.000000E+00,0.000000E+00,2.111000E+01,5.087766E+01,2.111010E+01,6.172727E+01,1.067474E+04,0.000000E+00,3.489465E-01,0.000000E+00,0.000000E+00,0.000000E+00,0.000000E+00,0.000000E+00,0.000000E+00,0.000000E+00,0.000000E+00,0.000000E+00,2.000000E+01,5.448298E+01,2.191124E+01,4.844207E+01
02:30:00,2.364926E+04,0.000000E+00,8.027730E-01,0.000000E+00,0.000000E+00,0.000000E+00,0.000000E+00,0.000000E+00,0.000000E+00,0.000000E+00,0.000000E+00,0.000000E+00,2.111000E+01,5.087766E+01,2.111012E+01,6.169716E+01,1.067651E+04,0.000000E+00,3.490042E-01,0.000000E+00,0.000000E+00,0.000000E+00,0.000000E+00,0.000000E+00,0.000000E+00,0.000000E+00,0.000000E+00,0.000000E+00,2.000000E+01,5.448298E+01,2.187749E+01,4.854199E+01
02:45:00,2.364944E+04,0.000000E+00,8.027789E-01,0.000000E+00,0.000000E+00,0.000000E+00,0.000000E+00,0.000000E+00,0.000000E+00,0.000000E+00,0.000000E+00,0.000000E+00,2.111000E+01,5.087766E+01,2.111013E+01,6.166229E+01,1.067811E+04,0.000000E+00,3.490565E-01,0.000000E+00,0.000000E+00,0.000000E+00,0.000000E+00,0.000000E+00,0.000000E+00,0.000000E+00,0.000000E+00,0.000000E+00,2.000000E+01,5.448298E+01,2.184568E+01,4.863636E+01
03:00:00,2.364960E+04,0.000000E+00,8.027844E-01,0.000000E+00,0.000000E+00,0.000000E+00,0.000000E+00,0.000000E+00,0.000000E+00,0.000000E+00,0.000000E+00,0.000000E+00,2.111000E+01,5.087766E+01,2.111015E+01,6.162300E+01,1.067955E+04,0.000000E+00,3.491038E-01,0.000000E+00,0.000000E+00,0.000000E+00,0.000000E+00,0.000000E+00,0.000000E+00,0.000000E+00,0.000000E+00,0.000000E+00,2.000000E+01,5.448298E+01,2.181562E+01,4.872575E+01
03:15:00,2.364975E+04,0.000000E+00,8.027895E-01,0.000000E+00,0.000000E+00,0.000000E+00,0.000000E+00,0.000000E+00,0.000000E+00,0.000000E+00,0.000000E+00,0.000000E+00,2.111000E+01,5.087766E+01,2.111016E+01,6.157956E+01,1.068086E+04,0.000000E+00,3.491465E-01,0.000000E+00,0.000000E+00,0.000000E+00,0.000000E+00,0.000000E+00,0.000000E+00,0.000000E+00,0.000000E+00,0.000000E+00,2.000000E+01,5.448298E+01,2.178712E+01,4.881064E+01
03:30:00,2.364989E+04,0.000000E+00,8.027942E-01,0.000000E+00,0.000000E+00,0.000000E+00,0.000000E+00,0.000000E+00,0.000000E+00,0.000000E+00,0.000000E+00,0.000000E+00,2.111000E+01,5.087766E+01,2.111018E+01,6.153220E+01,1.068204E+04,0.000000E+00,3.491852E-01,0.000000E+00,0.000000E+00,0.000000E+00,0.000000E+00,0.000000E+00,0.000000E+00,0.000000E+00,0.000000E+00,0.000000E+00,2.000000E+01,5.448298E+01,2.176006E+01,4.889141E+01
03:45:00,2.365002E+04,0.000000E+00,8.027986E-01,0.000000E+00,0.000000E+00,0.000000E+00,0.000000E+00,0.000000E+00,0.000000E+00,0.000000E+00,0.000000E+00,0.000000E+00,2.111000E+01,5.087766E+01,2.111019E+01,6.148113E+01,1.068311E+04,0.000000E+00,3.492200E-01,0.000000E+00,0.000000E+00,0.000000E+00,0.000000E+00,0.000000E+00,0.000000E+00,0.000000E+00,0.000000E+00,0.000000E+00,2.000000E+01,5.448298E+01,2.173431E+01,4.896843E+01
04:00:00,2.365014E+04,0.000000E+00,8.028026E-01,0.000000E+00,0.000000E+00,0.000000E+00,0.000000E+00,0.000000E+00,0.000000E+00,0.000000E+00,0.000000E+00,0.000000E+00,2.111000E+01,5.087766E+01,2.111020E+01,6.142654E+01,1.068408E+04,0.000000E+00,3.492515E-01,0.000000E+00,0.000000E+00,0.000000E+00,0.000000E+00,0.000000E+00,0.000000E+00,0.000000E+00,0.000000E+00,0.000000E+00,2.000000E+01,5.448298E+01,2.170973E+01,4.904206E+01
04:15:00,2.365024E+04,0.000000E+00,8.028062E-01,0.000000E+00,0.000000E+00,0.000000E+00,0.000000E+00,0.000000E+00,0.000000E+00,0.000000E+00,0.000000E+00,0.000000E+00,2.111000E+01,5.087766E+01,2.111021E+01,6.136862E+01,1.068494E+04,0.000000E+00,3.492800E-01,0.000000E+00,0.000000E+00,0.000000E+00,0.000000E+00,0.000000E+00,0.000000E+00,0.000000E+00,0.000000E+00,0.000000E+00,2.000000E+01,5.448298E+01,2.168623E+01,4.911258E+01
04:30:00,2.365034E+04,0.000000E+00,8.028095E-01,0.000000E+00,0.000000E+00,0.000000E+00,0.000000E+00,0.000000E+00,0.000000E+00,0.000000E+00,0.000000E+00,0.000000E+00,2.111000E+01,5.087766E+01,2.111022E+01,6.130763E+01,1.068573E+04,0.000000E+00,3.493056E-01,0.000000E+00,0.000000E+00,0.000000E+00,0.000000E+00,0.000000E+00,0.000000E+00,0.000000E+00,0.000000E+00,0.000000E+00,2.000000E+01,5.448298E+01,2.166397E+01,4.917946E+01
04:45:00,2.365043E+04,0.000000E+00,8.028126E-01,0.000000E+00,0.000000E+00,0.000000E+00,0.000000E+00,0.000000E+00,0.000000E+00,0.000000E+00,0.000000E+00,0.000000E+00,2.111000E+01,5.087766E+01,2.111023E+01,6.124380E+01,1.068644E+04,0.000000E+00,3.493288E-01,0.000000E+00,0.000000E+00,0.000000E+00,0.000000E+00,0.000000E+00,0.000000E+00,0.000000E+00,0.000000E+00,0.000000E+00,2.000000E+01,5.448298E+01,2.164291E+01,4.924284E+01
05:00:00,2.365051E+04,0.000000E+00,8.028153E-01,0.000000E+00,0.000000E+00,0.000000E+00,0.000000E+00,0.000000E+00,0.000000E+00,0.000000E+00,0.000000E+00,0.000000E+00,2.111000E+01,5.087766E+01,2.111024E+01,6.117732E+01,1.068708E+04,0.000000E+00,3.493497E-01,0.000000E+00,0.000000E+00,0.000000E+00,0.000000E+00,0.000000E+00,0.000000E+00,0.000000E+00,0.000000E+00,0.000000E+00,2.000000E+01,5.448298E+01,2.162287E+01,4.930324E+01
05:15:00,2.365059E+04,0.000000E+00,8.028178E-01,0.000000E+00,0.000000E+00,0.000000E+00,0.000000E+00,0.000000E+00,0.000000E+00,0.000000E+00,0.000000E+00,0.000000E+00,2.111000E+01,5.087766E+01,2.111025E+01,6.110837E+01,1.068766E+04,0.000000E+00,3.493686E-01,0.000000E+00,0.000000E+00,0.000000E+00,0.000000E+00,0.000000E+00,0.000000E+00,0.000000E+00,0.000000E+00,0.000000E+00,2.000000E+01,5.448298E+01,2.160372E+01,4.936105E+01
05:30:00,2.365065E+04,0.000000E+00,8.028201E-01,0.000000E+00,0.000000E+00,0.000000E+00,0.000000E+00,0.000000E+00,0.000000E+00,0.000000E+00,0.000000E+00,0.000000E+00,2.111000E+01,5.087766E+01,2.111024E+01,6.103984E+01,1.068818E+04,0.000000E+00,3.493857E-01,0.000000E+00,0.000000E+00,0.000000E+00,0.000000E+00,0.000000E+00,0.000000E+00,0.000000E+00,0.000000E+00,0.000000E+00,2.000000E+01,5.448298E+01,2.159438E+01,4.938928E+01
05:45:00,2.365072E+04,0.000000E+00,8.028222E-01,0.000000E+00,0.000000E+00,0.000000E+00,0.000000E+00,0.000000E+00,0.000000E+00,0.000000E+00,0.000000E+00,0.000000E+00,2.111000E+01,5.087766E+01,2.111021E+01,6.097707E+01,1.068865E+04,0.000000E+00,3.494011E-01,0.000000E+00,0.000000E+00,0.000000E+00,0.000000E+00,0.000000E+00,0.000000E+00,0.000000E+00,0.000000E+00,0.000000E+00,2.000000E+01,5.448298E+01,2.161697E+01,4.932104E+01
06:00:00,2.365077E+04,0.000000E+00,8.028241E-01,0.000000E+00,0.000000E+00,0.000000E+00,0.000000E+00,0.000000E+00,0.000000E+00,0.000000E+00,0.000000E+00,0.000000E+00,2.111000E+01,5.087766E+01,2.111016E+01,6.092492E+01,1.068908E+04,0.000000E+00,3.494150E-01,0.000000E+00,0.000000E+00,0.000000E+00,0.000000E+00,0.000000E+00,0.000000E+00,0.000000E+00,0.000000E+00,0.000000E+00,2.000000E+01,5.448298E+01,2.168695E+01,4.911040E+01
06:15:00,2.364971E+04,0.000000E+00,8.027882E-01,0.000000E+00,0.000000E+00,0.000000E+00,0.000000E+00,0.000000E+00,0.000000E+00,0.000000E+00,0.000000E+00,0.000000E+00,2.111000E+01,5.087766E+01,2.111008E+01,6.087800E+01,1.049896E+04,0.000000E+00,3.432003E-01,0.000000E+00,0.000000E+00,0.000000E+00,0.000000E+00,0.000000E+00,0.000000E+00,0.000000E+00,0.000000E+00,0.000000E+00,2.000000E+01,5.448298E+01,2.188389E+01,4.852301E+01
06:30:00,2.364761E+04,0.000000E+00,8.027166E-01,0.000000E+00,0.000000E+00,0.000000E+00,0.000000E+00,0.000000E+00,0.000000E+00,0.000000E+00,0.000000E+00,0.000000E+00,2.111000E+01,5.087766E+01,2.111002E+01,6.086008E+01,1.029936E+04,0.000000E+00,3.366756E-01,0.000000E+00,0.000000E+00,0.000000E+00,0.000000E+00,0.000000E+00,0.000000E+00,0.000000E+00,0.000000E+00,0.000000E+00,2.000000E+01,5.448298E+01,2.229349E+01,4.732653E+01
06:45:00,2.364497E+04,0.000000E+00,8.026273E-01,0.000000E+00,0.000000E+00,0.000000E+00,0.000000E+00,0.000000E+00,0.000000E+00,0.000000E+00,0.000000E+00,0.000000E+00,2.111000E+01,5.087766E+01,2.111431E+01,6.083684E+01,1.009813E+04,0.000000E+00,3.300976E-01,0.000000E+00,0.000000E+00,0.000000E+00,0.000000E+00,0.000000E+00,0.000000E+00,0.000000E+00,0.000000E+00,0.000000E+00,2.000000E+01,5.448298E+01,2.283497E+01,4.579545E+01
07:00:00,2.364204E+04,0.000000E+00,8.025276E-01,0.000000E+00,0.000000E+00,0.000000E+00,0.000000E+00,0.000000E+00,0.000000E+00,0.000000E+00,0.000000E+00,0.000000E+00,2.111000E+01,5.087766E+01,2.113748E+01,6.074975E+01,9.895393E+03,0.000000E+00,3.234703E-01,0.000000E+00,0.000000E+00,0.000000E+00,0.000000E+00,0.000000E+00,0.000000E+00,0.000000E+00,0.000000E+00,0.000000E+00,2.000000E+01,5.448298E+01,2.323574E+01,4.469816E+01
07:15:00,2.363883E+04,0.000000E+00,8.024186E-01,0.000000E+00,0.000000E+00,0.000000E+00,0.000000E+00,0.000000E+00,0.000000E+00,0.000000E+00,0.000000E+00,0.000000E+00,2.111000E+01,5.087766E+01,2.117985E+01,6.059210E+01,9.691395E+03,0.000000E+00,3.168018E-01,0.000000E+00,0.000000E+00,0.000000E+00,0.000000E+00,0.000000E+00,0.000000E+00,0.000000E+00,0.000000E+00,0.000000E+00,2.000000E+01,5.448298E+01,2.356637E+01,4.381517E+01
07:30:00,2.363546E+04,0.000000E+00,8.023044E-01,0.000000E+00,0.000000E+00,0.000000E+00,0.000000E+00,0.000000E+00,0.000000E+00,0.000000E+00,0.000000E+00,0.000000E+00,2.111000E+01,5.087766E+01,2.124399E+01,6.035411E+01,9.486454E+03,0.000000E+00,3.101025E-01,0.000000E+00,0.000000E+00,0.000000E+00,0.000000E+00,0.000000E+00,0.000000E+00,0.000000E+00,0.000000E+00,0.000000E+00,2.000000E+01,5.448298E+01,2.406099E+01,4.253066E+01
07:45:00,2.363192E+04,0.000000E+00,8.021844E-01,0.000000E+00,0.000000E+00,0.000000E+00,0.000000E+00,0.000000E+00,0.000000E+00,0.000000E+00,0.000000E+00,0.000000E+00,2.111000E+01,5.087766E+01,2.132837E+01,6.004254E+01,9.280579E+03,0.000000E+00,3.033727E-01,0.000000E+00,0.000000E+00,0.000000E+00,0.000000E+00,0.000000E+00,0.000000E+00,0.000000E+00,0.000000E+00,0.000000E+00,2.000000E+01,5.448298E+01,2.460547E+01,4.116552E+01
08:00:00,2.362833E+04,0.000000E+00,8.020625E-01,0.000000E+00,0.000000E+00,0.000000E+00,0.000000E+00,0.000000E+00,0.000000E+00,0.000000E+00,0.000000E+00,0.000000E+00,2.111000E+01,5.087766E+01,2.141261E+01,5.973334E+01,9.074142E+03,2.069570E+02,2.966244E-01,1.669060E-02,0.000000E+00,0.000000E+00,0.000000E+00,0.000000E+00,0.000000E+00,0.000000E+00,0.000000E+00,0.000000E+00,2.000000E+01,5.448298E+01,2.495992E+01,4.030339E+01
08:15:00,2.362589E+04,0.000000E+00,8.019795E-01,0.000000E+00,0.000000E+00,0.000000E+00,0.000000E+00,0.000000E+00,0.000000E+00,0.000000E+00,0.000000E+00,0.000000E+00,2.111000E+01,5.087766E+01,2.149828E+01,5.942070E+01,9.057790E+03,2.069570E+02,2.960899E-01,1.669060E-02,0.000000E+00,0.000000E+00,0.000000E+00,0.000000E+00,0.000000E+00,0.000000E+00,0.000000E+00,0.000000E+00,2.000000E+01,5.448298E+01,2.499936E+01,4.020875E+01
08:30:00,2.362446E+04,0.000000E+00,8.019311E-01,0.000000E+00,0.000000E+00,0.000000E+00,0.000000E+00,0.000000E+00,0.000000E+00,0.000000E+00,0.000000E+00,0.000000E+00,2.111000E+01,5.087766E+01,2.162120E+01,5.897535E+01,9.050377E+03,4.114733E+02,2.958476E-01,3.323684E-02,0.000000E+00,0.000000E+00,0.000000E+00,0.000000E+00,0.000000E+00,0.000000E+00,0.000000E+00,0.000000E+00,2.000000E+01,5.448298E+01,2.492136E+01,4.039620E+01
08:45:00,2.362357E+04,0.000000E+00,8.019009E-01,0.000000E+00,0.000000E+00,0.000000E+00,0.000000E+00,0.000000E+00,0.000000E+00,0.000000E+00,0.000000E+00,0.000000E+00,2.111000E+01,5.087766E+01,2.175179E+01,5.850630E+01,9.044239E+03,4.920738E+02,2.956470E-01,3.971642E-02,0.000000E+00,0.000000E+00,0.000000E+00,0.000000E+00,0.000000E+00,0.000000E+00,0.000000E+00,0.000000E+00,2.000000E+01,5.448298E+01,2.499870E+01,4.021032E+01
09:00:00,2.362291E+04,0.000000E+00,8.018785E-01,0.000000E+00,0.000000E+00,0.000000E+00,0.000000E+00,0.000000E+00,0.000000E+00,0.000000E+00,0.000000E+00,0.000000E+00,2.111000E+01,5.087766E+01,2.188680E+01,5.802582E+01,9.039032E+03,3.641671E+02,2.954767E-01,2.938011E-02,0.000000E+00,0.000000E+00,0.000000E+00,0.000000E+00,0.000000E+00,0.000000E+00,0.000000E+00,0.000000E+00,2.000000E+01,5.448298E+01,2.499999E+01,4.020721E+01
09:15:00,2.362238E+04,0.000000E+00,8.018603E-01,0.000000E+00,0.000000E+00,0.000000E+00,0.000000E+00,0.000000E+00,0.000000E+00,0.000000E+00,0.000000E+00,0.000000E+00,2.111000E+01,5.087766E+01,2.202432E+01,5.754094E+01,9.034492E+03,4.935996E+02,2.953283E-01,3.978425E-02,0.000000E+00,0.000000E+00,0.000000E+00,0.000000E+00,0.000000E+00,0.000000E+00,0.000000E+00,0.000000E+00,2.000000E+01,5.448298E+01,2.500000E+01,4.020719E+01
09:30:00,2.362193E+04,0.000000E+00,8.018450E-01,0.000000E+00,0.000000E+00,0.000000E+00,0.000000E+00,0.000000E+00,0.000000E+00,0.000000E+00,0.000000E+00,0.000000E+00,2.111000E+01,5.087766E+01,2.216272E+01,5.705758E+01,9.030506E+03,4.508877E+02,2.951980E-01,3.624428E-02,0.000000E+00,0.000000E+00,0.000000E+00,0.000000E+00,0.000000E+00,0.000000E+00,0.000000E+00,0.000000E+00,2.000000E+01,5.448298E+01,2.500000E+01,4.020719E+01
09:45:00,2.362156E+04,0.000000E+00,8.018326E-01,0.000000E+00,0.000000E+00,0.000000E+00,0.000000E+00,0.000000E+00,0.000000E+00,0.000000E+00,0.000000E+00,0.000000E+00,2.111000E+01,5.087766E+01,2.230062E+01,5.658049E+01,9.027208E+03,5.545006E+02,2.950902E-01,4.457228E-02,0.000000E+00,0.000000E+00,0.000000E+00,0.000000E+00,0.000000E+00,0.000000E+00,0.000000E+00,0.000000E+00,2.000000E+01,5.448298E+01,2.500000E+01,4.020719E+01
10:00:00,2.362127E+04,0.000000E+00,8.018226E-01,0.000000E+00,0.000000E+00,0.000000E+00,0.000000E+00,0.000000E+00,0.000000E+00,0.000000E+00,0.000000E+00,0.000000E+00,2.111000E+01,5.087766E+01,2.243682E+01,5.611367E+01,9.024401E+03,6.853861E+02,2.949985E-01,5.509321E-02,0.000000E+00,0.000000E+00,0.000000E+00,0.000000E+00,0.000000E+00,0.000000E+00,0.000000E+00,0.000000E+00,2.000000E+01,5.448298E+01,2.500000E+01,4.020718E+01
10:15:00,2.362102E+04,0.000000E+00,8.018143E-01,0.000000E+00,0.000000E+00,0.000000E+00,0.000000E+00,0.000000E+00,0.000000E+00,0.000000E+00,0.000000E+00,0.000000E+00,2.111000E+01,5.087766E+01,2.257022E+01,5.566068E+01,9.021942E+03,7.878381E+02,2.949181E-01,6.332859E-02,0.000000E+00,0.000000E+00,0.000000E+00,0.000000E+00,0.000000E+00,0.000000E+00,0.000000E+00,0.000000E+00,2.000000E+01,5.448298E+01,2.500000E+01,4.020718E+01
10:30:00,2.362082E+04,0.000000E+00,8.018074E-01,0.000000E+00,0.000000E+00,0.000000E+00,0.000000E+00,0.000000E+00,0.000000E+00,0.000000E+00,0.000000E+00,0.000000E+00,2.111000E+01,5.087766E+01,2.269953E+01,5.522550E+01,9.019767E+03,8.775915E+02,2.948470E-01,7.054321E-02,0.000000E+00,0.000000E+00,0.000000E+00,0.000000E+00,0.000000E+00,0.000000E+00,0.000000E+00,0.000000E+00,2.000000E+01,5.448298E+01,2.500000E+01,4.020718E+01
10:45:00,2.362062E+04,0.000000E+00,8.018006E-01,0.000000E+00,0.000000E+00,0.000000E+00,0.000000E+00,0.000000E+00,0.000000E+00,0.000000E+00,0.000000E+00,0.000000E+00,2.111000E+01,5.087766E+01,2.282380E+01,5.481088E+01,9.017602E+03,9.605006E+02,2.947762E-01,7.720767E-02,0.000000E+00,0.000000E+00,0.000000E+00,0.000000E+00,0.000000E+00,0.000000E+00,0.000000E+00,0.000000E+00,2.000000E+01,5.448298E+01,2.500000E+01,4.020717E+01
11:00:00,2.362042E+04,0.000000E+00,8.017940E-01,0.000000E+00,0.000000E+00,0.000000E+00,0.000000E+00,0.000000E+00,0.000000E+00,0.000000E+00,0.000000E+00,0.000000E+00,2.111000E+01,5.087766E+01,2.294240E+01,5.441845E+01,9.015541E+03,1.029062E+03,2.947088E-01,8.271885E-02,0.000000E+00,0.000000E+00,0.000000E+00,0.000000E+00,0.000000E+00,0.000000E+00,0.000000E+00,0.000000E+00,2.000000E+01,5.448298E+01,2.500000E+01,4.020717E+01
11:15:00,2.362023E+04,0.000000E+00,8.017876E-01,0.000000E+00,0.000000E+00,0.000000E+00,0.000000E+00,0.000000E+00,0.000000E+00,0.000000E+00,0.000000E+00,0.000000E+00,2.111000E+01,5.087766E+01,2.305490E+01,5.404913E+01,9.013652E+03,1.082294E+03,2.946471E-01,8.699777E-02,0.000000E+00,0.000000E+00,0.000000E+00,0.000000E+00,0.000000E+00,0.000000E+00,0.000000E+00,0.000000E+00,2.000000E+01,5.448298E+01,2.500000E+01,4.020716E+01
11:30:00,2.362005E+04,0.000000E+00,8.017814E-01,0.000000E+00,0.000000E+00,0.000000E+00,0.000000E+00,0.000000E+00,0.000000E+00,0.000000E+00,0.000000E+00,0.000000E+00,2.111000E+01,5.087766E+01,2.316034E+01,5.370553E+01,9.011935E+03,1.119122E+03,2.945910E-01,8.995806E-02,0.000000E+00,0.000000E+00,0.000000E+00,0.000000E+00,0.000000E+00,0.000000E+00,0.000000E+00,0.000000E+00,2.000000E+01,5.448298E+01,2.500000E+01,4.020716E+01
11:45:00,2.361989E+04,0.000000E+00,8.017757E-01,0.000000E+00,0.000000E+00,0.000000E+00,0.000000E+00,0.000000E+00,0.000000E+00,0.000000E+00,0.000000E+00,0.000000E+00,2.111000E+01,5.087766E+01,2.325812E+01,5.338911E+01,9.010379E+03,1.141636E+03,2.945401E-01,9.176779E-02,0.000000E+00,0.000000E+00,0.000000E+00,0.000000E+00,0.000000E+00,0.000000E+00,0.000000E+00,0.000000E+00,2.000000E+01,5.448298E+01,2.500000E+01,4.020716E+01
12:00:00,2.361973E+04,0.000000E+00,8.017703E-01,0.000000E+00,0.000000E+00,0.000000E+00,0.000000E+00,0.000000E+00,0.000000E+00,0.000000E+00,0.000000E+00,0.000000E+00,2.111000E+01,5.087766E+01,2.334810E+01,5.309978E+01,9.008972E+03,1.154326E+03,2.944941E-01,9.278790E-02,0.000000E+00,0.000000E+00,0.000000E+00,0.000000E+00,0.000000E+00,0.000000E+00,0.000000E+00,0.000000E+00,2.000000E+01,5.448298E+01,2.500000E+01,4.020715E+01
12:15:00,2.361958E+04,0.000000E+00,8.017653E-01,0.000000E+00,0.000000E+00,0.000000E+00,0.000000E+00,0.000000E+00,0.000000E+00,0.000000E+00,0.000000E+00,0.000000E+00,2.111000E+01,5.087766E+01,2.343037E+01,5.283679E+01,9.007700E+03,1.164957E+03,2.944526E-01,9.364240E-02,0.000000E+00,0.000000E+00,0.000000E+00,0.000000E+00,0.000000E+00,0.000000E+00,0.000000E+00,0.000000E+00,2.000000E+01,5.448298E+01,2.500000E+01,4.020715E+01
12:30:00,2.361944E+04,0.000000E+00,8.017607E-01,0.000000E+00,0.000000E+00,0.000000E+00,0.000000E+00,0.000000E+00,0.000000E+00,0.000000E+00,0.000000E+00,0.000000E+00,2.111000E+01,5.087766E+01,2.350498E+01,5.259957E+01,9.006552E+03,1.182066E+03,2.944150E-01,9.501767E-02,0.000000E+00,0.000000E+00,0.000000E+00,0.000000E+00,0.000000E+00,0.000000E+00,0.000000E+00,0.000000E+00,2.000000E+01,5.448298E+01,2.500000E+01,4.020715E+01
12:45:00,2.361932E+04,0.000000E+00,8.017565E-01,0.000000E+00,0.000000E+00,0.000000E+00,0.000000E+00,0.000000E+00,0.000000E+00,0.000000E+00,0.000000E+00,0.000000E+00,2.111000E+01,5.087766E+01,2.357566E+01,5.237593E+01,9.005516E+03,1.207174E+03,2.943811E-01,9.703592E-02,0.000000E+00,0.000000E+00,0.000000E+00,0.000000E+00,0.000000E+00,0.000000E+00,0.000000E+00,0.000000E+00,2.000000E+01,5.448298E+01,2.500000E+01,4.020714E+01
13:00:00,2.361921E+04,0.000000E+00,8.017526E-01,0.000000E+00,0.000000E+00,0.000000E+00,0.000000E+00,0.000000E+00,0.000000E+00,0.000000E+00,0.000000E+00,0.000000E+00,2.111000E+01,5.087766E+01,2.364761E+01,5.214937E+01,9.004581E+03,1.238301E+03,2.943506E-01,9.953804E-02,0.000000E+00,0.000000E+00,0.000000E+00,0.000000E+00,0.000000E+00,0.000000E+00,0.000000E+00,0.000000E+00,2.000000E+01,5.448298E+01,2.500000E+01,4.020714E+01
13:15:00,2.361910E+04,0.000000E+00,8.017491E-01,0.000000E+00,0.000000E+00,0.000000E+00,0.000000E+00,0.000000E+00,0.000000E+00,0.000000E+00,0.000000E+00,0.000000E+00,2.111000E+01,5.087766E+01,2.372309E+01,5.191289E+01,9.003737E+03,1.270038E+03,2.943230E-01,1.020891E-01,0.000000E+00,0.000000E+00,0.000000E+00,0.000000E+00,0.000000E+00,0.000000E+00,0.000000E+00,0.000000E+00,2.000000E+01,5.448298E+01,2.500000E+01,4.020714E+01
13:30:00,2.361901E+04,0.000000E+00,8.017458E-01,0.000000E+00,0.000000E+00,0.000000E+00,0.000000E+00,0.000000E+00,0.000000E+00,0.000000E+00,0.000000E+00,0.000000E+00,2.111000E+01,5.087766E+01,2.380029E+01,5.167226E+01,9.002975E+03,1.295054E+03,2.942981E-01,1.041000E-01,0.000000E+00,0.000000E+00,0.000000E+00,0.000000E+00,0.000000E+00,0.000000E+00,0.000000E+00,0.000000E+00,2.000000E+01,5.448298E+01,2.500000E+01,4.020714E+01
13:45:00,2.361892E+04,1.001728E+02,8.017429E-01,8.869542E-03,0.000000E+00,0.000000E+00,0.000000E+00,0.000000E+00,0.000000E+00,0.000000E+00,0.000000E+00,0.000000E+00,2.111000E+01,5.087766E+01,2.387571E+01,5.143842E+01,9.002288E+03,1.311562E+03,2.942756E-01,1.054270E-01,0.000000E+00,0.000000E+00,0.000000E+00,0.000000E+00,0.000000E+00,0.000000E+00,0.000000E+00,0.000000E+00,2.000000E+01,5.448298E+01,2.500000E+01,4.020713E+01
14:00:00,2.361884E+04,1.909751E+02,8.017402E-01,1.689919E-02,0.000000E+00,0.000000E+00,0.000000E+00,0.000000E+00,0.000000E+00,0.000000E+00,0.000000E+00,0.000000E+00,2.111000E+01,5.087766E+01,2.388977E+01,5.133959E+01,9.001668E+03,1.318774E+03,2.942553E-01,1.060067E-01,0.000000E+00,0.000000E+00,0.000000E+00,0.000000E+00,0.000000E+00,0.000000E+00,0.000000E+00,0.000000E+00,2.000000E+01,5.448298E+01,2.500000E+01,4.020713E+01
14:15:00,2.361877E+04,3.022155E+02,8.017377E-01,2.673612E-02,0.000000E+00,0.000000E+00,0.000000E+00,0.000000E+00,0.000000E+00,0.000000E+00,0.000000E+00,0.000000E+00,2.111000E+01,5.087766E+01,2.388985E+01,5.125447E+01,9.001108E+03,1.315925E+03,2.942371E-01,1.057777E-01,0.000000E+00,0.000000E+00,0.000000E+00,0.000000E+00,0.000000E+00,0.000000E+00,0.000000E+00,0.000000E+00,2.000000E+01,5.448298E+01,2.500000E+01,4.020713E+01
14:30:00,2.361870E+04,4.282103E+02,8.017355E-01,3.787780E-02,0.000000E+00,0.000000E+00,0.000000E+00,0.000000E+00,0.000000E+00,0.000000E+00,0.000000E+00,0.000000E+00,2.111000E+01,5.087766E+01,2.388982E+01,5.115061E+01,9.000603E+03,1.302834E+03,2.942205E-01,1.047254E-01,0.000000E+00,0.000000E+00,0.000000E+00,0.000000E+00,0.000000E+00,0.000000E+00,0.000000E+00,0.000000E+00,2.000000E+01,5.448298E+01,2.500000E+01,4.020713E+01
14:45:00,2.361864E+04,4.601088E+02,8.017334E-01,4.068731E-02,0.000000E+00,0.000000E+00,0.000000E+00,0.000000E+00,0.000000E+00,0.000000E+00,0.000000E+00,0.000000E+00,2.111000E+01,5.087766E+01,2.388980E+01,5.103294E+01,9.000147E+03,1.279532E+03,2.942056E-01,1.028523E-01,0.000000E+00,0.000000E+00,0.000000E+00,0.000000E+00,0.000000E+00,0.000000E+00,0.000000E+00,0.000000E+00,2.000000E+01,5.448298E+01,2.500000E+01,4.020712E+01
15:00:00,2.361859E+04,5.023810E+02,8.017316E-01,4.442541E-02,0.000000E+00,0.000000E+00,0.000000E+00,0.000000E+00,0.000000E+00,0.000000E+00,0.000000E+00,0.000000E+00,2.111000E+01,5.087766E+01,2.388980E+01,5.090780E+01,8.999735E+03,1.246343E+03,2.941922E-01,1.001845E-01,0.000000E+00,0.000000E+00,0.000000E+00,0.000000E+00,0.000000E+00,0.000000E+00,0.000000E+00,0.000000E+00,2.000000E+01,5.448298E+01,2.500000E+01,4.020712E+01
15:15:00,2.361854E+04,5.186813E+02,8.017299E-01,4.586689E-02,0.000000E+00,0.000000E+00,0.000000E+00,0.000000E+00,0.000000E+00,0.000000E+00,0.000000E+00,0.000000E+00,2.111000E+01,5.087766E+01,2.388980E+01,5.078099E+01,8.999363E+03,1.203880E+03,2.941800E-01,9.677119E-02,0.000000E+00,0.000000E+00,0.000000E+00,0.000000E+00,0.000000E+00,0.000000E+00,0.000000E+00,0.000000E+00,2.000000E+01,5.448298E+01,2.500000E+01,4.020712E+01
15:30:00,2.361849E+04,5.099811E+02,8.017284E-01,4.509755E-02,0.000000E+00,0.000000E+00,0.000000E+00,0.000000E+00,0.000000E+00,0.000000E+00,0.000000E+00,0.000000E+00,2.111000E+01,5.087766E+01,2.388981E+01,5.065834E+01,8.999027E+03,1.152884E+03,2.941690E-01,9.267199E-02,0.000000E+00,0.000000E+00,0.000000E+00,0.000000E+00,0.000000E+00,0.000000E+00,0.000000E+00,0.000000E+00,2.000000E+01,5.448298E+01,2.500000E+01,4.020712E+01
15:45:00,2.361845E+04,4.802192E+02,8.017270E-01,4.246569E-02,0.000000E+00,0.000000E+00,0.000000E+00,0.000000E+00,0.000000E+00,0.000000E+00,0.000000E+00,0.000000E+00,2.111000E+01,5.087766E+01,2.388983E+01,5.054472E+01,8.998723E+03,1.094292E+03,2.941591E-01,8.796221E-02,0.000000E+00,0.000000E+00,0.000000E+00,0.000000E+00,0.000000E+00,0.000000E+00,0.000000E+00,0.000000E+00,2.000000E+01,5.448298E+01,2.500000E+01,4.020712E+01
16:00:00,2.361841E+04,4.301589E+02,8.017257E-01,3.803883E-02,0.000000E+00,0.000000E+00,0.000000E+00,0.000000E+00,0.000000E+00,0.000000E+00,0.000000E+00,0.000000E+00,2.111000E+01,5.087766E+01,2.388985E+01,5.044422E+01,8.998449E+03,1.029486E+03,2.941501E-01,8.275288E-02,0.000000E+00,0.000000E+00,0.000000E+00,0.000000E+00,0.000000E+00,0.000000E+00,0.000000E+00,0.000000E+00,2.000000E+01,5.448298E+01,2.500000E+01,4.020712E+01
16:15:00,2.361838E+04,3.619101E+02,8.017246E-01,3.200355E-02,0.000000E+00,0.000000E+00,0.000000E+00,0.000000E+00,0.000000E+00,0.000000E+00,0.000000E+00,0.000000E+00,2.111000E+01,5.087766E+01,2.388988E+01,5.036042E+01,8.998201E+03,9.606033E+02,2.941420E-01,7.721593E-02,0.000000E+00,0.000000E+00,0.000000E+00,0.000000E+00,0.000000E+00,0.000000E+00,0.000000E+00,0.000000E+00,2.000000E+01,5.448298E+01,2.500000E+01,4.020712E+01
16:30:00,2.361835E+04,2.777226E+02,8.017235E-01,2.455884E-02,0.000000E+00,0.000000E+00,0.000000E+00,0.000000E+00,0.000000E+00,0.000000E+00,0.000000E+00,0.000000E+00,2.111000E+01,5.087766E+01,2.388992E+01,5.029664E+01,8.997976E+03,8.896480E+02,2.941347E-01,7.151235E-02,0.000000E+00,0.000000E+00,0.000000E+00,0.000000E+00,0.000000E+00,0.000000E+00,0.000000E+00,0.000000E+00,2.000000E+01,5.448298E+01,2.500000E+01,4.020712E+01
16:45:00,2.361832E+04,1.754131E+02,8.017226E-01,1.551165E-02,0.000000E+00,0.000000E+00,0.000000E+00,0.000000E+00,0.000000E+00,0.000000E+00,0.000000E+00,0.000000E+00,2.111000E+01,5.087766E+01,2.388995E+01,5.025532E+01,8.997773E+03,8.166121E+02,2.941280E-01,6.564152E-02,0.000000E+00,0.000000E+00,0.000000E+00,0.000000E+00,0.000000E+00,0.000000E+00,0.000000E+00,0.000000E+00,2.000000E+01,5.448298E+01,2.500000E+01,4.020712E+01
17:00:00,2.361829E+04,9.239889E+01,8.017217E-01,8.170752E-03,0.000000E+00,0.000000E+00,0.000000E+00,0.000000E+00,0.000000E+00,0.000000E+00,0.000000E+00,0.000000E+00,2.111000E+01,5.087766E+01,2.388992E+01,5.024077E+01,8.997589E+03,7.441494E+02,2.941220E-01,5.981677E-02,0.000000E+00,0.000000E+00,0.000000E+00,0.000000E+00,0.000000E+00,0.000000E+00,0.000000E+00,0.000000E+00,2.000000E+01,5.448298E+01,2.500000E+01,4.020712E+01
17:15:00,2.361827E+04,3.310712E+01,8.017209E-01,2.927628E-03,0.000000E+00,0.000000E+00,0.000000E+00,0.000000E+00,0.000000E+00,0.000000E+00,0.000000E+00,0.000000E+00,2.111000E+01,5.087766E+01,2.387208E+01,5.029288E+01,8.997422E+03,6.721790E+02,2.941166E-01,5.403159E-02,0.000000E+00,0.000000E+00,0.000000E+00,0.000000E+00,0.000000E+00,0.000000E+00,0.000000E+00,0.000000E+00,2.000000E+01,5.448298E+01,2.500000E+01,4.020711E+01
17:30:00,2.361825E+04,0.000000E+00,8.017202E-01,0.000000E+00,0.000000E+00,0.000000E+00,0.000000E+00,0.000000E+00,0.000000E+00,0.000000E+00,0.000000E+00,0.000000E+00,2.111000E+01,5.087766E+01,2.383046E+01,5.042042E+01,8.997271E+03,5.872776E+02,2.941116E-01,4.720699E-02,0.000000E+00,0.000000E+00,0.000000E+00,0.000000E+00,0.000000E+00,0.000000E+00,0.000000E+00,0.000000E+00,2.000000E+01,5.448298E+01,2.500000E+01,4.020711E+01
17:45:00,2.361823E+04,0.000000E+00,8.017195E-01,0.000000E+00,0.000000E+00,0.000000E+00,0.000000E+00,0.000000E+00,0.000000E+00,0.000000E+00,0.000000E+00,0.000000E+00,2.111000E+01,5.087766E+01,2.376795E+01,5.061169E+01,8.997134E+03,4.895754E+02,2.941072E-01,3.935341E-02,0.000000E+00,0.000000E+00,0.000000E+00,0.000000E+00,0.000000E+00,0.000000E+00,0.000000E+00,0.000000E+00,2.000000E+01,5.448298E+01,2.500000E+01,4.020711E+01
18:00:00,2.361821E+04,0.000000E+00,8.017189E-01,0.000000E+00,0.000000E+00,0.000000E+00,0.000000E+00,0.000000E+00,0.000000E+00,0.000000E+00,0.000000E+00,0.000000E+00,2.111000E+01,5.087766E+01,2.368880E+01,5.085393E+01,8.997010E+03,3.741913E+02,2.941031E-01,3.007853E-02,0.000000E+00,0.000000E+00,0.000000E+00,0.000000E+00,0.000000E+00,0.000000E+00,0.000000E+00,0.000000E+00,2.000000E+01,5.448298E+01,2.500000E+01,4.020711E+01
18:15:00,2.361820E+04,0.000000E+00,8.017184E-01,0.000000E+00,0.000000E+00,0.000000E+00,0.000000E+00,0.000000E+00,0.000000E+00,0.000000E+00,0.000000E+00,0.000000E+00,2.111000E+01,5.087766E+01,2.359528E+01,5.114135E+01,8.996898E+03,2.387445E+02,2.940994E-01,1.919094E-02,0.000000E+00,0.000000E+00,0.000000E+00,0.000000E+00,0.000000E+00,0.000000E+00,0.000000E+00,0.000000E+00,2.000000E+01,5.448298E+01,2.500000E+01,4.020711E+01
18:30:00,2.361818E+04,0.000000E+00,8.017179E-01,0.000000E+00,0.000000E+00,0.000000E+00,0.000000E+00,0.000000E+00,0.000000E+00,0.000000E+00,0.000000E+00,0.000000E+00,2.111000E+01,5.087766E+01,2.348727E+01,5.147537E+01,8.996795E+03,1.281775E+02,2.940961E-01,1.030326E-02,0.000000E+00,0.000000E+00,0.000000E+00,0.000000E+00,0.000000E+00,0.000000E+00,0.000000E+00,0.000000E+00,2.000000E+01,5.448298E+01,2.500000E+01,4.020711E+01
18:45:00,2.361817E+04,0.000000E+00,8.017174E-01,0.000000E+00,0.000000E+00,0.000000E+00,0.000000E+00,0.000000E+00,0.000000E+00,0.000000E+00,0.000000E+00,0.000000E+00,2.111000E+01,5.087766E+01,2.335947E+01,5.187380E+01,8.996702E+03,2.549219E+02,2.940930E-01,2.054009E-02,0.000000E+00,0.000000E+00,0.000000E+00,0.000000E+00,0.000000E+00,0.000000E+00,0.000000E+00,0.000000E+00,2.000000E+01,5.448298E+01,2.496406E+01,4.029335E+01
19:00:00,2.361816E+04,0.000000E+00,8.017170E-01,0.000000E+00,0.000000E+00,0.000000E+00,0.000000E+00,0.000000E+00,0.000000E+00,0.000000E+00,0.000000E+00,0.000000E+00,2.111000E+01,5.087766E+01,2.321786E+01,5.231936E+01,8.996618E+03,2.112363E+02,2.940903E-01,1.702852E-02,0.000000E+00,0.000000E+00,0.000000E+00,0.000000E+00,0.000000E+00,0.000000E+00,0.000000E+00,0.000000E+00,2.000000E+01,5.448298E+01,2.499939E+01,4.020858E+01
19:15:00,2.361815E+04,0.000000E+00,8.017166E-01,0.000000E+00,0.000000E+00,0.000000E+00,0.000000E+00,0.000000E+00,0.000000E+00,0.000000E+00,0.000000E+00,0.000000E+00,2.111000E+01,5.087766E+01,2.305249E+01,5.284515E+01,8.996541E+03,2.460080E+02,2.940878E-01,1.985129E-02,0.000000E+00,0.000000E+00,0.000000E+00,0.000000E+00,0.000000E+00,0.000000E+00,0.000000E+00,0.000000E+00,2.000000E+01,5.448298E+01,2.489734E+01,4.045403E+01
19:30:00,2.361814E+04,0.000000E+00,8.017163E-01,0.000000E+00,0.000000E+00,0.000000E+00,0.000000E+00,0.000000E+00,0.000000E+00,0.000000E+00,0.000000E+00,0.000000E+00,2.111000E+01,5.087766E+01,2.286593E+01,5.344548E+01,8.996471E+03,2.460080E+02,2.940855E-01,1.985129E-02,0.000000E+00,0.000000E+00,0.000000E+00,0.000000E+00,0.000000E+00,0.000000E+00,0.000000E+00,0.000000E+00,2.000000E+01,5.448298E+01,2.499965E+01,4.020794E+01
19:45:00,2.361813E+04,0.000000E+00,8.017160E-01,0.000000E+00,0.000000E+00,0.000000E+00,0.000000E+00,0.000000E+00,0.000000E+00,0.000000E+00,0.000000E+00,0.000000E+00,2.111000E+01,5.087766E+01,2.267668E+01,5.406236E+01,8.996407E+03,4.064396E+01,2.940834E-01,3.294798E-03,0.000000E+00,0.000000E+00,0.000000E+00,0.000000E+00,0.000000E+00,0.000000E+00,0.000000E+00,0.000000E+00,2.000000E+01,5.448298E+01,2.484626E+01,4.057753E+01
20:00:00,2.361812E+04,0.000000E+00,8.017157E-01,0.000000E+00,0.000000E+00,0.000000E+00,0.000000E+00,0.000000E+00,0.000000E+00,0.000000E+00,0.000000E+00,0.000000E+00,2.111000E+01,5.087766E+01,2.250546E+01,5.462735E+01,8.996349E+03,4.919062E+01,2.940815E-01,3.987720E-03,0.000000E+00,0.000000E+00,0.000000E+00,0.000000E+00,0.000000E+00,0.000000E+00,0.000000E+00,0.000000E+00,2.000000E+01,5.448298E+01,2.489580E+01,4.045774E+01
20:15:00,2.361811E+04,0.000000E+00,8.017155E-01,0.000000E+00,0.000000E+00,0.000000E+00,0.000000E+00,0.000000E+00,0.000000E+00,0.000000E+00,0.000000E+00,0.000000E+00,2.111000E+01,5.087766E+01,2.235979E+01,5.511327E+01,8.996295E+03,8.546661E+00,2.940797E-01,6.929220E-04,0.000000E+00,0.000000E+00,0.000000E+00,0.000000E+00,0.000000E+00,0.000000E+00,0.000000E+00,0.000000E+00,2.000000E+01,5.448298E+01,2.499993E+01,4.020728E+01
20:30:00,2.361810E+04,0.000000E+00,8.017152E-01,0.000000E+00,0.000000E+00,0.000000E+00,0.000000E+00,0.000000E+00,0.000000E+00,0.000000E+00,0.000000E+00,0.000000E+00,2.111000E+01,5.087766E+01,2.223790E+01,5.552364E+01,8.996247E+03,8.546661E+00,2.940781E-01,6.929220E-04,0.000000E+00,0.000000E+00,0.000000E+00,0.000000E+00,0.000000E+00,0.000000E+00,0.000000E+00,0.000000E+00,2.000000E+01,5.448298E+01,2.474049E+01,4.083461E+01
20:45:00,2.361810E+04,0.000000E+00,8.017150E-01,0.000000E+00,0.000000E+00,0.000000E+00,0.000000E+00,0.000000E+00,0.000000E+00,0.000000E+00,0.000000E+00,0.000000E+00,2.111000E+01,5.087766E+01,2.213464E+01,5.587396E+01,8.996202E+03,8.546661E+00,2.940767E-01,6.929220E-04,0.000000E+00,0.000000E+00,0.000000E+00,0.000000E+00,0.000000E+00,0.000000E+00,0.000000E+00,0.000000E+00,2.000000E+01,5.448298E+01,2.470719E+01,4.091592E+01
21:00:00,2.361809E+04,0.000000E+00,8.017148E-01,0.000000E+00,0.000000E+00,0.000000E+00,0.000000E+00,0.000000E+00,0.000000E+00,0.000000E+00,0.000000E+00,0.000000E+00,2.111000E+01,5.087766E+01,2.204520E+01,5.617939E+01,8.996162E+03,0.000000E+00,2.940754E-01,0.000000E+00,0.000000E+00,0.000000E+00,0.000000E+00,0.000000E+00,0.000000E+00,0.000000E+00,0.000000E+00,0.000000E+00,2.000000E+01,5.448298E+01,2.479931E+01,4.069140E+01
21:15:00,2.361920E+04,0.000000E+00,8.017526E-01,0.000000E+00,0.000000E+00,0.000000E+00,0.000000E+00,0.000000E+00,0.000000E+00,0.000000E+00,0.000000E+00,0.000000E+00,2.111000E+01,5.087766E+01,2.196653E+01,5.644960E+01,9.186479E+03,0.000000E+00,3.002966E-01,0.000000E+00,0.000000E+00,0.000000E+00,0.000000E+00,0.000000E+00,0.000000E+00,0.000000E+00,0.000000E+00,0.000000E+00,2.000000E+01,5.448298E+01,2.486495E+01,4.053229E+01
21:30:00,2.362137E+04,0.000000E+00,8.018260E-01,0.000000E+00,0.000000E+00,0.000000E+00,0.000000E+00,0.000000E+00,0.000000E+00,0.000000E+00,0.000000E+00,0.000000E+00,2.111000E+01,5.087766E+01,2.187779E+01,5.675618E+01,9.386324E+03,0.000000E+00,3.068294E-01,0.000000E+00,0.000000E+00,0.000000E+00,0.000000E+00,0.000000E+00,0.000000E+00,0.000000E+00,0.000000E+00,0.000000E+00,2.000000E+01,5.448298E+01,2.459628E+01,4.118807E+01
21:45:00,2.362405E+04,0.000000E+00,8.019172E-01,0.000000E+00,0.000000E+00,0.000000E+00,0.000000E+00,0.000000E+00,0.000000E+00,0.000000E+00,0.000000E+00,0.000000E+00,2.111000E+01,5.087766E+01,2.182619E+01,5.693533E+01,9.587757E+03,0.000000E+00,3.134140E-01,0.000000E+00,0.000000E+00,0.000000E+00,0.000000E+00,0.000000E+00,0.000000E+00,0.000000E+00,0.000000E+00,0.000000E+00,2.000000E+01,5.448298E+01,2.429281E+01,4.194320E+01
22:00:00,2.362704E+04,0.000000E+00,8.020185E-01,0.000000E+00,0.000000E+00,0.000000E+00,0.000000E+00,0.000000E+00,0.000000E+00,0.000000E+00,0.000000E+00,0.000000E+00,2.111000E+01,5.087766E+01,2.178529E+01,5.707773E+01,9.790665E+03,0.000000E+00,3.200469E-01,0.000000E+00,0.000000E+00,0.000000E+00,0.000000E+00,0.000000E+00,0.000000E+00,0.000000E+00,0.000000E+00,0.000000E+00,2.000000E+01,5.448298E+01,2.410836E+01,4.240981E+01
22:15:00,2.363029E+04,0.000000E+00,8.021287E-01,0.000000E+00,0.000000E+00,0.000000E+00,0.000000E+00,0.000000E+00,0.000000E+00,0.000000E+00,0.000000E+00,0.000000E+00,2.111000E+01,5.087766E+01,2.172355E+01,5.729350E+01,9.994939E+03,0.000000E+00,3.267244E-01,0.000000E+00,0.000000E+00,0.000000E+00,0.000000E+00,0.000000E+00,0.000000E+00,0.000000E+00,0.000000E+00,0.000000E+00,2.000000E+01,5.448298E+01,2.390920E+01,4.292018E+01
22:30:00,2.363368E+04,0.000000E+00,8.022440E-01,0.000000E+00,0.000000E+00,0.000000E+00,0.000000E+00,0.000000E+00,0.000000E+00,0.000000E+00,0.000000E+00,0.000000E+00,2.111000E+01,5.087766E+01,2.164676E+01,5.756315E+01,1.020016E+04,0.000000E+00,3.334327E-01,0.000000E+00,0.000000E+00,0.000000E+00,0.000000E+00,0.000000E+00,0.000000E+00,0.000000E+00,0.000000E+00,0.000000E+00,2.000000E+01,5.448298E+01,2.349491E+01,4.400423E+01
22:45:00,2.363725E+04,0.000000E+00,8.023650E-01,0.000000E+00,0.000000E+00,0.000000E+00,0.000000E+00,0.000000E+00,0.000000E+00,0.000000E+00,0.000000E+00,0.000000E+00,2.111000E+01,5.087766E+01,2.159362E+01,5.775058E+01,1.040629E+04,0.000000E+00,3.401710E-01,0.000000E+00,0.000000E+00,0.000000E+00,0.000000E+00,0.000000E+00,0.000000E+00,0.000000E+00,0.000000E+00,0.000000E+00,2.000000E+01,5.448298E+01,2.310161E+01,4.506196E+01
23:00:00,2.364086E+04,0.000000E+00,8.024876E-01,0.000000E+00,0.000000E+00,0.000000E+00,0.000000E+00,0.000000E+00,0.000000E+00,0.000000E+00,0.000000E+00,0.000000E+00,2.111000E+01,5.087766E+01,2.154427E+01,5.792528E+01,1.061297E+04,0.000000E+00,3.469272E-01,0.000000E+00,0.000000E+00,0.000000E+00,0.000000E+00,0.000000E+00,0.000000E+00,0.000000E+00,0.000000E+00,0.000000E+00,2.000000E+01,5.448298E+01,2.280590E+01,4.587611E+01
23:15:00,2.364332E+04,0.000000E+00,8.025712E-01,0.000000E+00,0.000000E+00,0.000000E+00,0.000000E+00,0.000000E+00,0.000000E+00,0.000000E+00,0.000000E+00,0.000000E+00,2.111000E+01,5.087766E+01,2.150100E+01,5.807893E+01,1.062956E+04,0.000000E+00,3.474696E-01,0.000000E+00,0.000000E+00,0.000000E+00,0.000000E+00,0.000000E+00,0.000000E+00,0.000000E+00,0.000000E+00,0.000000E+00,2.000000E+01,5.448298E+01,2.262395E+01,4.638527E+01
23:30:00,2.364476E+04,0.000000E+00,8.026201E-01,0.000000E+00,0.000000E+00,0.000000E+00,0.000000E+00,0.000000E+00,0.000000E+00,0.000000E+00,0.000000E+00,0.000000E+00,2.111000E+01,5.087766E+01,2.144845E+01,5.826614E+01,1.063711E+04,0.000000E+00,3.477162E-01,0.000000E+00,0.000000E+00,0.000000E+00,0.000000E+00,0.000000E+00,0.000000E+00,0.000000E+00,0.000000E+00,0.000000E+00,2.000000E+01,5.448298E+01,2.248655E+01,4.677399E+01
23:45:00,2.364566E+04,0.000000E+00,8.026507E-01,0.000000E+00,0.000000E+00,0.000000E+00,0.000000E+00,0.000000E+00,0.000000E+00,0.000000E+00,0.000000E+00,0.000000E+00,2.111000E+01,5.087766E+01,2.139995E+01,5.843954E+01,1.064338E+04,0.000000E+00,3.479212E-01,0.000000E+00,0.000000E+00,0.000000E+00,0.000000E+00,0.000000E+00,0.000000E+00,0.000000E+00,0.000000E+00,0.000000E+00,2.000000E+01,5.448298E+01,2.240490E+01,4.700674E+01
24:00:00,2.364633E+04,0.000000E+00,8.026735E-01,0.000000E+00,0.000000E+00,0.000000E+00,0.000000E+00,0.000000E+00,0.000000E+00,0.000000E+00,0.000000E+00,0.000000E+00,2.111000E+01,5.087766E+01,2.135442E+01,5.860285E+01,1.064870E+04,0.000000E+00,3.480953E-01,0.000000E+00,0.000000E+00,0.000000E+00,0.000000E+00,0.000000E+00,0.000000E+00,0.000000E+00,0.000000E+00,0.000000E+00,2.000000E+01,5.448298E+01,2.233977E+01,4.719334E+01
Peak,2.365077E+04,5.186813E+02,8.028241E-01,4.586689E-02,0.000000E+00,0.000000E+00,0.000000E+00,0.000000E+00,0.000000E+00,0.000000E+00,0.000000E+00,0.000000E+00,,,,,1.068908E+04,1.318774E+03,3.494150E-01,1.060067E-01,0.000000E+00,0.000000E+00,0.000000E+00,0.000000E+00,0.000000E+00,0.000000E+00,0.000000E+00,0.000000E+00,,,,

Peak Vol Flow (m3/s),,,6.731451E-01,3.845808E-02,,,0.000000E+00,0.000000E+00,,,,,,,,,,,2.929745E-01,8.888358E-02,,,0.000000E+00,0.000000E+00,,,,,,,,
